avg_pollscore,avg_sample_size,avg_pct,win_rate
-0.4683979974968711,871.4902377972466,31.465987484355445,0.18986232790988736
